[{"model": "admin.logentry", "pk": 1, "fields": {"action_time": "2021-11-30T08:07:41.912Z", "user": 1, "content_type": 8, "object_id": "1", "object_repr": "frannie.yip@outlook.com", "action_flag": 1, "change_message": "[{\"added\": {}}]"}}, {"model": "admin.logentry", "pk": 2, "fields": {"action_time": "2021-11-30T08:08:44.553Z", "user": 1, "content_type": 13, "object_id": "1", "object_repr": "mousemouse", "action_flag": 2, "change_message": "[{\"changed\": {\"fields\": [\"First name\", \"Last name\", \"Email\", \"Address\", \"Postal code\"]}}]"}}, {"model": "admin.logentry", "pk": 3, "fields": {"action_time": "2021-11-30T08:27:47.103Z", "user": 1, "content_type": 15, "object_id": "1", "object_repr": "Hiker", "action_flag": 1, "change_message": "[{\"added\": {}}]"}}, {"model": "admin.logentry", "pk": 4, "fields": {"action_time": "2021-11-30T08:27:55.330Z", "user": 1, "content_type": 15, "object_id": "2", "object_repr": "Agility Athlete", "action_flag": 1, "change_message": "[{\"added\": {}}]"}}, {"model": "admin.logentry", "pk": 5, "fields": {"action_time": "2021-11-30T08:27:59.014Z", "user": 1, "content_type": 15, "object_id": "3", "object_repr": "Comfort", "action_flag": 1, "change_message": "[{\"added\": {}}]"}}, {"model": "admin.logentry", "pk": 6, "fields": {"action_time": "2021-11-30T08:28:02.742Z", "user": 1, "content_type": 15, "object_id": "4", "object_repr": "Musher", "action_flag": 1, "change_message": "[{\"added\": {}}]"}}, {"model": "admin.logentry", "pk": 7, "fields": {"action_time": "2021-11-30T08:28:07.728Z", "user": 1, "content_type": 15, "object_id": "5", "object_repr": "Retired", "action_flag": 1, "change_message": "[{\"added\": {}}]"}}, {"model": "admin.logentry", "pk": 8, "fields": {"action_time": "2021-11-30T08:28:14.087Z", "user": 1, "content_type": 15, "object_id": "6", "object_repr": "Water Rescue", "action_flag": 1, "change_message": "[{\"added\": {}}]"}}, {"model": "admin.logentry", "pk": 9, "fields": {"action_time": "2021-11-30T08:29:42.003Z", "user": 1, "content_type": 14, "object_id": "1", "object_repr": "Anatolien Shepherd", "action_flag": 1, "change_message": "[{\"added\": {}}]"}}, {"model": "admin.logentry", "pk": 10, "fields": {"action_time": "2021-11-30T08:29:46.922Z", "user": 1, "content_type": 14, "object_id": "2", "object_repr": "Great Dane", "action_flag": 1, "change_message": "[{\"added\": {}}]"}}, {"model": "admin.logentry", "pk": 11, "fields": {"action_time": "2021-11-30T08:29:53.503Z", "user": 1, "content_type": 14, "object_id": "3", "object_repr": "Tibetan Mastiff", "action_flag": 1, "change_message": "[{\"added\": {}}]"}}, {"model": "admin.logentry", "pk": 12, "fields": {"action_time": "2021-11-30T08:29:57.901Z", "user": 1, "content_type": 14, "object_id": "4", "object_repr": "Leonberger", "action_flag": 1, "change_message": "[{\"added\": {}}]"}}, {"model": "admin.logentry", "pk": 13, "fields": {"action_time": "2021-11-30T08:30:02.969Z", "user": 1, "content_type": 14, "object_id": "5", "object_repr": "Great Pyrenees", "action_flag": 1, "change_message": "[{\"added\": {}}]"}}, {"model": "admin.logentry", "pk": 14, "fields": {"action_time": "2021-11-30T08:30:10.563Z", "user": 1, "content_type": 14, "object_id": "6", "object_repr": "Giant Schnauzer", "action_flag": 1, "change_message": "[{\"added\": {}}]"}}, {"model": "admin.logentry", "pk": 15, "fields": {"action_time": "2021-11-30T08:30:15.519Z", "user": 1, "content_type": 14, "object_id": "7", "object_repr": "Newfoundland", "action_flag": 1, "change_message": "[{\"added\": {}}]"}}, {"model": "admin.logentry", "pk": 16, "fields": {"action_time": "2021-11-30T08:30:19.695Z", "user": 1, "content_type": 14, "object_id": "8", "object_repr": "St Bernard", "action_flag": 1, "change_message": "[{\"added\": {}}]"}}, {"model": "admin.logentry", "pk": 17, "fields": {"action_time": "2021-11-30T08:30:31.720Z", "user": 1, "content_type": 14, "object_id": "9", "object_repr": "Kuvasz", "action_flag": 1, "change_message": "[{\"added\": {}}]"}}, {"model": "admin.logentry", "pk": 18, "fields": {"action_time": "2021-11-30T08:33:02.406Z", "user": 1, "content_type": 14, "object_id": "1", "object_repr": "Anatolian Shepherd", "action_flag": 2, "change_message": "[{\"changed\": {\"fields\": [\"Breed name\"]}}]"}}, {"model": "admin.logentry", "pk": 19, "fields": {"action_time": "2021-11-30T08:33:10.414Z", "user": 1, "content_type": 14, "object_id": "10", "object_repr": "Alaskan Malamute", "action_flag": 1, "change_message": "[{\"added\": {}}]"}}, {"model": "admin.logentry", "pk": 20, "fields": {"action_time": "2021-11-30T08:33:18.708Z", "user": 1, "content_type": 14, "object_id": "11", "object_repr": "Ovcharka", "action_flag": 1, "change_message": "[{\"added\": {}}]"}}, {"model": "admin.logentry", "pk": 21, "fields": {"action_time": "2021-11-30T08:33:27.513Z", "user": 1, "content_type": 14, "object_id": "12", "object_repr": "Neapolitan Mastiff", "action_flag": 1, "change_message": "[{\"added\": {}}]"}}, {"model": "admin.logentry", "pk": 22, "fields": {"action_time": "2021-11-30T08:39:50.086Z", "user": 1, "content_type": 16, "object_id": "1", "object_repr": "Wookiepants", "action_flag": 1, "change_message": "[{\"added\": {}}]"}}, {"model": "admin.logentry", "pk": 23, "fields": {"action_time": "2021-11-30T08:40:46.335Z", "user": 1, "content_type": 15, "object_id": "7", "object_repr": "Water Athlete", "action_flag": 1, "change_message": "[{\"added\": {}}]"}}, {"model": "admin.logentry", "pk": 24, "fields": {"action_time": "2021-11-30T08:43:48.500Z", "user": 1, "content_type": 16, "object_id": "2", "object_repr": "Daisy", "action_flag": 1, "change_message": "[{\"added\": {}}]"}}, {"model": "admin.logentry", "pk": 25, "fields": {"action_time": "2021-11-30T08:46:39.577Z", "user": 1, "content_type": 16, "object_id": "3", "object_repr": "Rasputin", "action_flag": 1, "change_message": "[{\"added\": {}}]"}}, {"model": "admin.logentry", "pk": 26, "fields": {"action_time": "2021-11-30T18:11:14.717Z", "user": 1, "content_type": 18, "object_id": "1", "object_repr": "Alpha", "action_flag": 1, "change_message": "[{\"added\": {}}]"}}, {"model": "admin.logentry", "pk": 27, "fields": {"action_time": "2021-11-30T18:12:02.987Z", "user": 1, "content_type": 18, "object_id": "2", "object_repr": "Epsilon", "action_flag": 1, "change_message": "[{\"added\": {}}]"}}, {"model": "admin.logentry", "pk": 28, "fields": {"action_time": "2021-11-30T18:13:20.332Z", "user": 1, "content_type": 18, "object_id": "3", "object_repr": "Gamma", "action_flag": 1, "change_message": "[{\"added\": {}}]"}}, {"model": "admin.logentry", "pk": 29, "fields": {"action_time": "2021-11-30T18:14:21.957Z", "user": 1, "content_type": 18, "object_id": "4", "object_repr": "Kappa", "action_flag": 1, "change_message": "[{\"added\": {}}]"}}, {"model": "admin.logentry", "pk": 30, "fields": {"action_time": "2021-11-30T18:16:33.712Z", "user": 1, "content_type": 18, "object_id": "5", "object_repr": "Omega", "action_flag": 1, "change_message": "[{\"added\": {}}]"}}, {"model": "admin.logentry", "pk": 31, "fields": {"action_time": "2021-11-30T18:18:21.997Z", "user": 1, "content_type": 18, "object_id": "6", "object_repr": "Sigma", "action_flag": 1, "change_message": "[{\"added\": {}}]"}}, {"model": "admin.logentry", "pk": 32, "fields": {"action_time": "2021-11-30T18:23:06.382Z", "user": 1, "content_type": 16, "object_id": "4", "object_repr": "Bernard", "action_flag": 1, "change_message": "[{\"added\": {}}]"}}, {"model": "admin.logentry", "pk": 33, "fields": {"action_time": "2021-11-30T18:26:43.646Z", "user": 1, "content_type": 16, "object_id": "5", "object_repr": "Boss", "action_flag": 1, "change_message": "[{\"added\": {}}]"}}, {"model": "admin.logentry", "pk": 34, "fields": {"action_time": "2021-11-30T18:30:55.935Z", "user": 1, "content_type": 16, "object_id": "6", "object_repr": "Delta", "action_flag": 1, "change_message": "[{\"added\": {}}]"}}, {"model": "admin.logentry", "pk": 35, "fields": {"action_time": "2021-11-30T18:35:28.324Z", "user": 1, "content_type": 16, "object_id": "7", "object_repr": "Humphrey", "action_flag": 1, "change_message": "[{\"added\": {}}]"}}, {"model": "admin.logentry", "pk": 36, "fields": {"action_time": "2021-11-30T18:38:29.517Z", "user": 1, "content_type": 16, "object_id": "8", "object_repr": "Lola", "action_flag": 1, "change_message": "[{\"added\": {}}]"}}, {"model": "admin.logentry", "pk": 37, "fields": {"action_time": "2021-11-30T18:48:40.326Z", "user": 1, "content_type": 16, "object_id": "9", "object_repr": "Mala", "action_flag": 1, "change_message": "[{\"added\": {}}]"}}, {"model": "admin.logentry", "pk": 38, "fields": {"action_time": "2021-11-30T18:51:29.024Z", "user": 1, "content_type": 16, "object_id": "10", "object_repr": "Nomad", "action_flag": 1, "change_message": "[{\"added\": {}}]"}}, {"model": "admin.logentry", "pk": 39, "fields": {"action_time": "2021-11-30T18:53:58.704Z", "user": 1, "content_type": 16, "object_id": "11", "object_repr": "Ollie", "action_flag": 1, "change_message": "[{\"added\": {}}]"}}, {"model": "admin.logentry", "pk": 40, "fields": {"action_time": "2021-11-30T18:57:08.145Z", "user": 1, "content_type": 16, "object_id": "12", "object_repr": "Reggie", "action_flag": 1, "change_message": "[{\"added\": {}}]"}}, {"model": "admin.logentry", "pk": 41, "fields": {"action_time": "2021-11-30T19:01:23.426Z", "user": 1, "content_type": 16, "object_id": "13", "object_repr": "Ruth", "action_flag": 1, "change_message": "[{\"added\": {}}]"}}, {"model": "admin.logentry", "pk": 42, "fields": {"action_time": "2021-11-30T19:04:08.308Z", "user": 1, "content_type": 16, "object_id": "14", "object_repr": "Soren", "action_flag": 1, "change_message": "[{\"added\": {}}]"}}, {"model": "admin.logentry", "pk": 43, "fields": {"action_time": "2021-11-30T19:08:50.112Z", "user": 1, "content_type": 16, "object_id": "15", "object_repr": "Toga", "action_flag": 1, "change_message": "[{\"added\": {}}]"}}, {"model": "admin.logentry", "pk": 44, "fields": {"action_time": "2021-12-01T08:48:23.506Z", "user": 1, "content_type": 18, "object_id": "2", "object_repr": "Epsilon", "action_flag": 2, "change_message": "[{\"changed\": {\"fields\": [\"Price\"]}}]"}}, {"model": "admin.logentry", "pk": 45, "fields": {"action_time": "2021-12-01T08:48:38.722Z", "user": 1, "content_type": 18, "object_id": "3", "object_repr": "Gamma", "action_flag": 2, "change_message": "[{\"changed\": {\"fields\": [\"Price\"]}}]"}}, {"model": "admin.logentry", "pk": 46, "fields": {"action_time": "2021-12-01T08:48:52.200Z", "user": 1, "content_type": 18, "object_id": "4", "object_repr": "Kappa", "action_flag": 2, "change_message": "[{\"changed\": {\"fields\": [\"Price\"]}}]"}}, {"model": "admin.logentry", "pk": 47, "fields": {"action_time": "2021-12-01T08:49:04.675Z", "user": 1, "content_type": 18, "object_id": "6", "object_repr": "Sigma", "action_flag": 2, "change_message": "[]"}}, {"model": "admin.logentry", "pk": 48, "fields": {"action_time": "2021-12-01T08:49:12.677Z", "user": 1, "content_type": 18, "object_id": "1", "object_repr": "Alpha", "action_flag": 2, "change_message": "[]"}}, {"model": "admin.logentry", "pk": 49, "fields": {"action_time": "2021-12-01T08:49:19.064Z", "user": 1, "content_type": 18, "object_id": "5", "object_repr": "Omega", "action_flag": 2, "change_message": "[]"}}, {"model": "admin.logentry", "pk": 50, "fields": {"action_time": "2021-12-01T10:32:43.692Z", "user": 1, "content_type": 18, "object_id": "6", "object_repr": "Sigma", "action_flag": 2, "change_message": "[{\"changed\": {\"fields\": [\"Description\"]}}]"}}, {"model": "admin.logentry", "pk": 51, "fields": {"action_time": "2021-12-01T10:33:59.646Z", "user": 1, "content_type": 18, "object_id": "6", "object_repr": "Sigma", "action_flag": 2, "change_message": "[{\"changed\": {\"fields\": [\"Description\"]}}]"}}, {"model": "admin.logentry", "pk": 52, "fields": {"action_time": "2021-12-02T14:02:50.265Z", "user": 5, "content_type": 4, "object_id": "1", "object_repr": "mousemouse", "action_flag": 2, "change_message": "[{\"changed\": {\"fields\": [\"password\"]}}]"}}, {"model": "admin.logentry", "pk": 53, "fields": {"action_time": "2021-12-03T14:36:56.872Z", "user": 1, "content_type": 13, "object_id": "1", "object_repr": "mousemouse", "action_flag": 2, "change_message": "[]"}}, {"model": "admin.logentry", "pk": 54, "fields": {"action_time": "2021-12-03T14:43:16.588Z", "user": 1, "content_type": 13, "object_id": "1", "object_repr": "mousemouse", "action_flag": 2, "change_message": "[]"}}, {"model": "admin.logentry", "pk": 55, "fields": {"action_time": "2021-12-04T06:55:16.481Z", "user": 1, "content_type": 20, "object_id": "21", "object_repr": "C0B7586D5B5D4A01926835284E166088", "action_flag": 3, "change_message": ""}}, {"model": "admin.logentry", "pk": 56, "fields": {"action_time": "2021-12-04T06:55:16.526Z", "user": 1, "content_type": 20, "object_id": "20", "object_repr": "EB2BD87865A74DCBAB07634D5CD24F1F", "action_flag": 3, "change_message": ""}}, {"model": "admin.logentry", "pk": 57, "fields": {"action_time": "2021-12-04T06:55:16.529Z", "user": 1, "content_type": 20, "object_id": "18", "object_repr": "C0B308A80C2A437D8C350172421042A9", "action_flag": 3, "change_message": ""}}, {"model": "admin.logentry", "pk": 58, "fields": {"action_time": "2021-12-04T06:55:16.532Z", "user": 1, "content_type": 20, "object_id": "11", "object_repr": "247A173A17BF42F6A448BD06EECE3930", "action_flag": 3, "change_message": ""}}, {"model": "admin.logentry", "pk": 59, "fields": {"action_time": "2021-12-04T06:55:16.535Z", "user": 1, "content_type": 20, "object_id": "8", "object_repr": "5A1535533CB14E05B7144937A49F6A41", "action_flag": 3, "change_message": ""}}, {"model": "admin.logentry", "pk": 60, "fields": {"action_time": "2021-12-04T06:55:16.538Z", "user": 1, "content_type": 20, "object_id": "5", "object_repr": "C4EF8E08D48F4C9F9F4055602F47B8DA", "action_flag": 3, "change_message": ""}}, {"model": "admin.logentry", "pk": 61, "fields": {"action_time": "2021-12-04T06:55:16.541Z", "user": 1, "content_type": 20, "object_id": "4", "object_repr": "B78F59F9530C41D79C4F96597B1FC065", "action_flag": 3, "change_message": ""}}, {"model": "admin.logentry", "pk": 62, "fields": {"action_time": "2021-12-04T06:55:16.544Z", "user": 1, "content_type": 20, "object_id": "3", "object_repr": "F956EE32E57C49289F7D497E48E23AA8", "action_flag": 3, "change_message": ""}}, {"model": "admin.logentry", "pk": 63, "fields": {"action_time": "2021-12-04T06:55:16.547Z", "user": 1, "content_type": 20, "object_id": "2", "object_repr": "F1755408C9684697ACE5F88B15B1A2A0", "action_flag": 3, "change_message": ""}}, {"model": "admin.logentry", "pk": 64, "fields": {"action_time": "2021-12-04T06:55:16.550Z", "user": 1, "content_type": 20, "object_id": "1", "object_repr": "DC29E559BBFE4D928C7C39D8EEB6288E", "action_flag": 3, "change_message": ""}}, {"model": "admin.logentry", "pk": 65, "fields": {"action_time": "2021-12-04T06:55:43.820Z", "user": 1, "content_type": 17, "object_id": "11", "object_repr": "nooooooo", "action_flag": 3, "change_message": ""}}, {"model": "admin.logentry", "pk": 66, "fields": {"action_time": "2021-12-04T06:55:43.824Z", "user": 1, "content_type": 17, "object_id": "10", "object_repr": "Test this blog11", "action_flag": 3, "change_message": ""}}, {"model": "admin.logentry", "pk": 67, "fields": {"action_time": "2021-12-04T06:55:43.826Z", "user": 1, "content_type": 17, "object_id": "9", "object_repr": "WTF", "action_flag": 3, "change_message": ""}}, {"model": "admin.logentry", "pk": 68, "fields": {"action_time": "2021-12-04T06:55:43.829Z", "user": 1, "content_type": 17, "object_id": "8", "object_repr": "Test this blog - 1", "action_flag": 3, "change_message": ""}}, {"model": "admin.logentry", "pk": 69, "fields": {"action_time": "2021-12-04T06:55:43.832Z", "user": 1, "content_type": 17, "object_id": "7", "object_repr": "Test this blog again!kjjiojoiji", "action_flag": 3, "change_message": ""}}, {"model": "admin.logentry", "pk": 70, "fields": {"action_time": "2021-12-04T06:55:43.835Z", "user": 1, "content_type": 17, "object_id": "6", "object_repr": "Test this blogppp", "action_flag": 3, "change_message": ""}}, {"model": "admin.logentry", "pk": 71, "fields": {"action_time": "2021-12-04T06:55:43.838Z", "user": 1, "content_type": 17, "object_id": "5", "object_repr": "Test this blog again!hh", "action_flag": 3, "change_message": ""}}, {"model": "admin.logentry", "pk": 72, "fields": {"action_time": "2021-12-04T06:55:43.841Z", "user": 1, "content_type": 17, "object_id": "4", "object_repr": "Test this bloggfdhgd", "action_flag": 3, "change_message": ""}}, {"model": "admin.logentry", "pk": 73, "fields": {"action_time": "2021-12-04T06:55:43.843Z", "user": 1, "content_type": 17, "object_id": "3", "object_repr": "Test this blog", "action_flag": 3, "change_message": ""}}, {"model": "admin.logentry", "pk": 74, "fields": {"action_time": "2021-12-04T06:55:43.846Z", "user": 1, "content_type": 17, "object_id": "2", "object_repr": "Test this blog again!", "action_flag": 3, "change_message": ""}}, {"model": "admin.logentry", "pk": 75, "fields": {"action_time": "2021-12-04T18:00:01.478Z", "user": 1, "content_type": 7, "object_id": "1", "object_repr": "thebuddyclubhouse.com", "action_flag": 2, "change_message": "[{\"changed\": {\"fields\": [\"Domain name\", \"Display name\"]}}]"}}, {"model": "admin.logentry", "pk": 76, "fields": {"action_time": "2021-12-04T18:00:23.202Z", "user": 1, "content_type": 8, "object_id": "2", "object_repr": "mouse@gmail.com", "action_flag": 3, "change_message": ""}}, {"model": "admin.logentry", "pk": 77, "fields": {"action_time": "2021-12-04T18:13:56.982Z", "user": 1, "content_type": 20, "object_id": "28", "object_repr": "200ECBE6C6C647E797F7AE8DB7CDE979", "action_flag": 2, "change_message": "[{\"changed\": {\"fields\": [\"Username\"]}}]"}}, {"model": "admin.logentry", "pk": 78, "fields": {"action_time": "2021-12-05T10:00:26.119Z", "user": 1, "content_type": 21, "object_id": "1", "object_repr": "Agility Short Course", "action_flag": 1, "change_message": "[{\"added\": {}}]"}}, {"model": "admin.logentry", "pk": 79, "fields": {"action_time": "2021-12-05T14:05:22.233Z", "user": 1, "content_type": 21, "object_id": "1", "object_repr": "Agility Short Course", "action_flag": 2, "change_message": "[{\"changed\": {\"fields\": [\"Activity\"]}}]"}}, {"model": "admin.logentry", "pk": 80, "fields": {"action_time": "2021-12-06T07:29:28.742Z", "user": 1, "content_type": 21, "object_id": "2", "object_repr": "Lola", "action_flag": 1, "change_message": "[{\"added\": {}}]"}}, {"model": "admin.logentry", "pk": 81, "fields": {"action_time": "2021-12-06T07:30:04.586Z", "user": 1, "content_type": 21, "object_id": "3", "object_repr": "Playdate", "action_flag": 1, "change_message": "[{\"added\": {}}]"}}, {"model": "admin.logentry", "pk": 82, "fields": {"action_time": "2021-12-06T07:30:51.781Z", "user": 1, "content_type": 21, "object_id": "4", "object_repr": "Swim met", "action_flag": 1, "change_message": "[{\"added\": {}}]"}}, {"model": "admin.logentry", "pk": 83, "fields": {"action_time": "2021-12-06T07:31:20.376Z", "user": 1, "content_type": 21, "object_id": "2", "object_repr": "Playdate", "action_flag": 2, "change_message": "[{\"changed\": {\"fields\": [\"Title\"]}}]"}}, {"model": "admin.logentry", "pk": 84, "fields": {"action_time": "2021-12-06T08:37:12.158Z", "user": 1, "content_type": 21, "object_id": "5", "object_repr": "Playdate", "action_flag": 1, "change_message": "[{\"added\": {}}]"}}, {"model": "admin.logentry", "pk": 85, "fields": {"action_time": "2021-12-06T08:38:04.661Z", "user": 1, "content_type": 21, "object_id": "5", "object_repr": "Playdate", "action_flag": 2, "change_message": "[{\"changed\": {\"fields\": [\"Available\"]}}]"}}, {"model": "admin.logentry", "pk": 86, "fields": {"action_time": "2021-12-06T08:38:15.158Z", "user": 1, "content_type": 21, "object_id": "5", "object_repr": "Playdate", "action_flag": 2, "change_message": "[{\"changed\": {\"fields\": [\"Available\"]}}]"}}, {"model": "admin.logentry", "pk": 87, "fields": {"action_time": "2021-12-06T15:42:34.565Z", "user": 1, "content_type": 21, "object_id": "1", "object_repr": "Agility Short Course", "action_flag": 2, "change_message": "[{\"changed\": {\"fields\": [\"Activity\"]}}]"}}, {"model": "admin.logentry", "pk": 88, "fields": {"action_time": "2021-12-06T15:43:10.506Z", "user": 1, "content_type": 21, "object_id": "5", "object_repr": "Playdate", "action_flag": 2, "change_message": "[{\"changed\": {\"fields\": [\"Time block\"]}}]"}}, {"model": "admin.logentry", "pk": 89, "fields": {"action_time": "2021-12-06T15:43:21.924Z", "user": 1, "content_type": 21, "object_id": "5", "object_repr": "Playdate", "action_flag": 2, "change_message": "[{\"changed\": {\"fields\": [\"Available\"]}}]"}}, {"model": "admin.logentry", "pk": 90, "fields": {"action_time": "2021-12-06T15:43:57.425Z", "user": 1, "content_type": 21, "object_id": "4", "object_repr": "Water Sport", "action_flag": 2, "change_message": "[{\"changed\": {\"fields\": [\"Title\", \"Activity\"]}}]"}}, {"model": "admin.logentry", "pk": 91, "fields": {"action_time": "2021-12-06T15:44:14.767Z", "user": 1, "content_type": 21, "object_id": "3", "object_repr": "Noon Playdate", "action_flag": 2, "change_message": "[{\"changed\": {\"fields\": [\"Title\"]}}]"}}, {"model": "admin.logentry", "pk": 92, "fields": {"action_time": "2021-12-06T15:44:24.149Z", "user": 1, "content_type": 21, "object_id": "5", "object_repr": "Morning Playdate", "action_flag": 2, "change_message": "[{\"changed\": {\"fields\": [\"Title\"]}}]"}}, {"model": "admin.logentry", "pk": 93, "fields": {"action_time": "2021-12-06T15:55:36.725Z", "user": 1, "content_type": 21, "object_id": "5", "object_repr": "Morning Playdate", "action_flag": 3, "change_message": ""}}, {"model": "admin.logentry", "pk": 94, "fields": {"action_time": "2021-12-06T15:55:41.444Z", "user": 1, "content_type": 21, "object_id": "4", "object_repr": "Water Sport", "action_flag": 3, "change_message": ""}}, {"model": "admin.logentry", "pk": 95, "fields": {"action_time": "2021-12-06T15:55:41.448Z", "user": 1, "content_type": 21, "object_id": "3", "object_repr": "Noon Playdate", "action_flag": 3, "change_message": ""}}, {"model": "admin.logentry", "pk": 96, "fields": {"action_time": "2021-12-06T15:55:41.452Z", "user": 1, "content_type": 21, "object_id": "2", "object_repr": "Playdate", "action_flag": 3, "change_message": ""}}, {"model": "admin.logentry", "pk": 97, "fields": {"action_time": "2021-12-06T15:55:41.456Z", "user": 1, "content_type": 21, "object_id": "1", "object_repr": "Agility Short Course", "action_flag": 3, "change_message": ""}}, {"model": "admin.logentry", "pk": 98, "fields": {"action_time": "2021-12-06T15:58:45.811Z", "user": 1, "content_type": 21, "object_id": "1", "object_repr": "Morning Playdate", "action_flag": 1, "change_message": "[{\"added\": {}}]"}}, {"model": "admin.logentry", "pk": 99, "fields": {"action_time": "2021-12-07T08:26:13.397Z", "user": 1, "content_type": 21, "object_id": "4", "object_repr": "Mala has a new frisbee", "action_flag": 3, "change_message": ""}}, {"model": "admin.logentry", "pk": 100, "fields": {"action_time": "2021-12-07T08:26:13.403Z", "user": 1, "content_type": 21, "object_id": "3", "object_repr": "Mala has a new frisbee", "action_flag": 3, "change_message": ""}}, {"model": "admin.logentry", "pk": 101, "fields": {"action_time": "2021-12-07T08:26:13.407Z", "user": 1, "content_type": 21, "object_id": "2", "object_repr": "Mala has a new frisbee", "action_flag": 3, "change_message": ""}}, {"model": "auth.user", "pk": 1, "fields": {"password": "pbkdf2_sha256$260000$DMpQvrrerMRC1Rq9f1go7g$MQ9FUnmnLf4D0dhDdKYU/mYKQko5bi9WwERf+J41HqE=", "last_login": "2021-12-10T16:35:07.568Z", "is_superuser": true, "username": "mousemouse", "first_name": "Mouse", "last_name": "Mouse", "email": "mouse@gmail.com", "is_staff": true, "is_active": true, "date_joined": "2021-11-30T08:07:11.632Z", "groups": [], "user_permissions": []}}, {"model": "auth.user", "pk": 2, "fields": {"password": "pbkdf2_sha256$260000$omtdhYb8vBIWApZ5C2dtIm$JmC9EPY/PdN1jGzg2eiXHmmMZR/4EJtOKJj/5E38Wo8=", "last_login": null, "is_superuser": false, "username": "catcat", "first_name": "Cat", "last_name": "Cat", "email": "catcat@email.com", "is_staff": false, "is_active": true, "date_joined": "2021-11-30T08:09:50.661Z", "groups": [], "user_permissions": []}}, {"model": "auth.user", "pk": 3, "fields": {"password": "pbkdf2_sha256$260000$PG2OShu2WE6E846CiJiBYf$QGmElQZbzZ88dpdDlA+J9R6cIMRKbP9alKhB+8o9aTA=", "last_login": null, "is_superuser": false, "username": "dogdog", "first_name": "Dog", "last_name": "Dog", "email": "dogdog@email.com", "is_staff": false, "is_active": true, "date_joined": "2021-11-30T08:13:21.552Z", "groups": [], "user_permissions": []}}, {"model": "auth.user", "pk": 4, "fields": {"password": "pbkdf2_sha256$260000$YK2TtIAflyVdFLlBPNISs3$J0zzmrAPUfSers4APQwxtMAcEhyoNPg/9PYDzVoANWA=", "last_login": "2021-11-30T08:21:49.220Z", "is_superuser": false, "username": "rabbitrabbit", "first_name": "Rabbit", "last_name": "Rabbit", "email": "rabbit@email.com", "is_staff": false, "is_active": true, "date_joined": "2021-11-30T08:21:49.046Z", "groups": [], "user_permissions": []}}, {"model": "auth.user", "pk": 5, "fields": {"password": "pbkdf2_sha256$260000$a4aNRIoJdUqYZAkY58j7sn$hZ2B5i1UOp5oBx3OzECPO8ZaH3lEu1F6oSf/3zG7K24=", "last_login": "2021-12-02T14:01:46.794Z", "is_superuser": true, "username": "popeye", "first_name": "", "last_name": "", "email": "", "is_staff": true, "is_active": true, "date_joined": "2021-12-02T14:00:58.307Z", "groups": [], "user_permissions": []}}, {"model": "auth.user", "pk": 6, "fields": {"password": "pbkdf2_sha256$260000$EDoqmg3Nl8mswsiEHdXgYT$BnGjLatxQ8LRCahhJbW9ARrkT3xpJfotX6I/xfB70ms=", "last_login": "2021-12-07T21:05:05.751Z", "is_superuser": false, "username": "lomax", "first_name": "Peter", "last_name": "Lomax", "email": "p.lomax@email.com", "is_staff": false, "is_active": true, "date_joined": "2021-12-04T08:01:36.193Z", "groups": [], "user_permissions": []}}, {"model": "auth.user", "pk": 7, "fields": {"password": "pbkdf2_sha256$260000$gjhClxGSfAN2dGmWljo5uT$SlKRIcZlv9g8nXaEpWAetxn7lxrmq0bJ/5uvpFaWO/E=", "last_login": null, "is_superuser": false, "username": "looloo", "first_name": "", "last_name": "", "email": "", "is_staff": false, "is_active": true, "date_joined": "2021-12-08T15:24:43.108Z", "groups": [], "user_permissions": []}}, {"model": "sessions.session", "pk": "d3b403m43bwih8tim0nrz6u92fylbacy", "fields": {"session_data": ".eJxVjLEOgzAMRP_FM4qSmMiEsXu_ATmxW2grkCBMiH8vSCwsN9x7dxtkngu0G3hofQV45F5Bx2vpu3XRuRsEWnBw6xLnr44nkA-P78nkaSzzkMypmIsu5jmJ_h6XezvoeemPNXHjLYogIQb1TlK2DZGr1aZYe7SBVF0kDiHXjiO6JiWK6F9EQRLB_gd_kjwg:1mtOWF:hssTNzS4nrMN89QnMc4J6eg7KmZP9-JUeEt_UwBeW5o", "expire_date": "2021-12-18T06:27:35.315Z"}}, {"model": "sessions.session", "pk": "nfz40qukx2u3k0cvbt54h9l0ijw1ie2j", "fields": {"session_data": ".eJxVjEsOwjAMBe-SNYqSuJETluw5Q2THhhRQK_Wzqrg7VOoCtm9m3mYKrUsr66xT6cWcjTen342pPnXYgTxouI-2jsMy9Wx3xR50ttdR9HU53L-DRnP71kgpOBABBIgavHB1CdF36jh3AVxEVZ-RYqydpww-MWOGcEOMwmjeH7ybNuM:1mvb9v:mrc1MyA3KFFYj1Cj1J7T8Y_yRJ-HXzD80QpauVy5zs4", "expire_date": "2021-12-24T08:21:39.427Z"}}, {"model": "sessions.session", "pk": "q9oleptifayzm10jbf8btafsismo2zan", "fields": {"session_data": ".eJxVjEsOgzAMBe_iNYqSmMgky-57BmTHaaGtQOKzQty9ILFot2_mzQYtr0vXrnOZ2l4hgYPqdxPO7zKcQF88PEeTx2GZejGnYi46m_uo5XO73L9Ax3N3vIkbb1EVCTEU71SybYhcXazE2qMNVIqLxCHk2nFE14hQRP8gCip0RDNPC6QNEFKowEPyFQRIbt-_3cQ9Mw:1mvQoi:y9iTIIXvjmWPCSqNZg8KRqMqw1QYJPrb2P_dhRbFXTc", "expire_date": "2021-12-23T21:19:04.871Z"}}, {"model": "sessions.session", "pk": "qjwhprzit4tmgashcdrtg29hz5niy7dy", "fields": {"session_data": ".eJxVjDsOgzAQRO-yNbLwYmxDmZ4zoF17HZNEIPGpEHcPSBRJM8XMm7dDT9ua-22RuR8itKCh-O2YwlvGa4gvGp-TCtO4zgOrC1H3uqhuivJ53OyfINOSz7cETjpYz4ZKn0JTpUSxYkJjxWqnazaYkmHtfR1FhBwjYlMaq2tx1p7SQPMK7Q4VtFgAnnkcX-qHPaA:1msgdP:Oa3pMrGAvpS5M1gPjgwuJ3exkkLR_x_6jtvBZF8bHc4", "expire_date": "2021-12-16T07:36:03.007Z"}}, {"model": "sessions.session", "pk": "t5q28zovop7dn2gvfp7b1dkv7f0sl8mg", "fields": {"session_data": ".eJxVjEEOwiAQRe_C2hCoHXBcuvcMzcwAUjWQlHZlvLuSdKHb_95_LzXRtuZpa3GZ5qDOyqrD78Ykj1g6CHcqt6qllnWZWXdF77Tpaw3xedndv0CmlntWwIySiAcfiS2JQQbDhFGcgYQE5MEc2YkdA3oZJDkkQThZD9-Ten8AA6Y4Uw:1mvirT:FamoIfcncw5Oc3V5Pm84GtZEnTZwRW2ntrHgUpuAIug", "expire_date": "2021-12-24T16:35:07.572Z"}}, {"model": "sites.site", "pk": 1, "fields": {"domain": "thebuddyclubhouse.com", "name": "The Buddy Clubhouse"}}, {"model": "account.emailaddress", "pk": 1, "fields": {"user": 1, "email": "frannie.yip@outlook.com", "verified": true, "primary": true}}, {"model": "users.profile", "pk": 1, "fields": {"user": 1, "first_name": "Mouse", "last_name": "Mouse", "username": "mousemouse", "email": "mouse@gmail.com", "address_line_1": "Mouse Street 42", "address_line_2": null, "postal_code": "424242 MICE", "profile_image": "profiles/user-default.png", "created": "2021-11-30T08:07:11.811Z"}}, {"model": "users.profile", "pk": 2, "fields": {"user": 2, "first_name": "Cat", "last_name": "Cat", "username": "catcat", "email": "catcat@email.com", "address_line_1": "", "address_line_2": null, "postal_code": "", "profile_image": "profiles/user-default.png", "created": "2021-11-30T08:09:50.818Z"}}, {"model": "users.profile", "pk": 3, "fields": {"user": 3, "first_name": "Dog", "last_name": "Dog", "username": "dogdog", "email": "dogdog@email.com", "address_line_1": "", "address_line_2": null, "postal_code": "", "profile_image": "profiles/user-default.png", "created": "2021-11-30T08:13:21.704Z"}}, {"model": "users.profile", "pk": 4, "fields": {"user": 4, "first_name": "Rabbit", "last_name": "Rabbit", "username": "rabbitrabbit", "email": "rabbit@email.com", "address_line_1": "", "address_line_2": null, "postal_code": "", "profile_image": "profiles/user-default.png", "created": "2021-11-30T08:21:49.208Z"}}, {"model": "users.profile", "pk": 5, "fields": {"user": 5, "first_name": "", "last_name": "", "username": "popeye", "email": "", "address_line_1": "", "address_line_2": null, "postal_code": "", "profile_image": "profiles/user-default.png", "created": "2021-12-02T14:00:58.460Z"}}, {"model": "users.profile", "pk": 6, "fields": {"user": 6, "first_name": "Peter", "last_name": "Lomax", "username": "lomax", "email": "p.lomax@email.com", "address_line_1": "Pastel Forest Street 11", "address_line_2": "Jumping Jack West Condo", "postal_code": "123456PP", "profile_image": "profiles/C0FAAED7-1B18-4429-93FF-401027DB1FFD.JPG", "created": "2021-12-04T08:01:36.347Z"}}, {"model": "users.profile", "pk": 7, "fields": {"user": 7, "first_name": "", "last_name": "", "username": "looloo", "email": "", "address_line_1": "", "address_line_2": null, "postal_code": "", "profile_image": "profiles/user-default.png", "created": "2021-12-08T15:24:43.266Z"}}, {"model": "dogs.dog", "pk": 1, "fields": {"name": "Wookiepants", "breed": 7, "age": 6, "resided_since": "2018-09-23", "gender": "Male", "image": "dogs/wookiepants_te66naq.JPG", "story": "Wookiepants was brought to us after his previous owner passed away. They lived in a remote farmhouse, and Wookiepants was discovered living alone in the house,  for almost three weeks from the day his owner was rushed to the hospital, by a mailman dropping off some post.\r\nThe family of his owner were unable and unwilling to care for such a large dog, so that is how he ended up with us.\r\nWookiepants is an avid swimmer and can often be seen swimming in the pond on the compound. He is a certified water rescue dog and occasionally lends a paw when there's water rescuing to be done.", "job": [6]}}, {"model": "dogs.dog", "pk": 2, "fields": {"name": "Daisy", "breed": 4, "age": 7, "resided_since": "2017-03-29", "gender": "Female", "image": "dogs/daisy.jpg", "story": "Daisy came to our sanctuary directly after being rescued from a puppy mill, she was suffering from severe anxiety issues and deformed paw pads.\r\nBeing surrounded by fellow buddies, and being patiently cared and nurtured by the folks here, Daisy slowly became comfortable in her environment. \r\nDaisy enjoys swimming and 'rescuing' water lilies from the pond.\r\nDaisy works once a week at the nursing home as a comfort dog and a gigantic feet warmer.", "job": [2, 3, 7]}}, {"model": "dogs.dog", "pk": 3, "fields": {"name": "Rasputin", "breed": 3, "age": 7, "resided_since": "2016-03-02", "gender": "Male", "image": "dogs/rasputin.jpeg", "story": "Rasputin was brought into a clinic to get a tumor on his neck removed, it was benign, but his owners didn't came back to pick him up.\r\nHe is a very quiet dog and would rather sit observing the happenings rather than partake in them.\r\nRasputin also prefers human companionship to that of his peers, so he is really nice company on walks or just hanging out on the compound.\r\nHe likes, you guessed it, long walks. He also likes carrots!", "job": [5]}}, {"model": "dogs.dog", "pk": 4, "fields": {"name": "Bernard", "breed": 8, "age": 6, "resided_since": "2019-08-15", "gender": "Male", "image": "dogs/bernard_MUfYOJG.jpg", "story": "Bernard broke his hip a few years ago but it didn't heal very well. It was hard for his owners, who were both working full-time, to give him the exercise and care that he needed at that point so they brought him to us. \r\nBernard was depressed for a long time and disinterested in everything that was going on. As time went by, with the freedom of being able to walk outside whenever he wanted and needed to, and the quiet persistence of Boss (who just wouldn't leave him alone), Bernard slowly emerged from under his dark cloud. He spent a year working as a comfort dog but the problems with his hip forced him into early retirement. He now spends his days just enjoying an idle existence!", "job": [5]}}, {"model": "dogs.dog", "pk": 5, "fields": {"name": "Boss", "breed": 1, "age": 9, "resided_since": "2014-02-16", "gender": "Female", "image": "dogs/boss.jpeg", "story": "Boss came to us as a rescue from a puppy-mill when she was into early adulthood. By then she had already had two litters of puppies. Due to the poor living conditions that she was forced to endure, both her front paws have growth deformities.\r\nAlthough Anatolian Shepherds are not know for being social creatures, Boss was trained and worked as a comfort dog to the elderly. Not only was she really good at her job, she was and still is one of the most popular visitor to the senior centre.\r\nBoss is, as her name suggests, the leader of the pack here.", "job": [5]}}, {"model": "dogs.dog", "pk": 6, "fields": {"name": "Delta", "breed": 3, "age": 6, "resided_since": "2019-10-10", "gender": "Female", "image": "dogs/delta.jpeg", "story": "We will never forget how we found Delta tied to the front gate of the sanctuary, in the middle of the night,  without so much as a note.\r\nShe was shaken and the ordeal left her fearful and refusing to look at anyone or let anyone close.\r\nAfter several weeks of patient attempts to calm her down and gain her trust, we had a break through. Delta became best friends with Reggie and the two of them can be seen roaming the compound or just hanging out together by the apple tree.", "job": [2]}}, {"model": "dogs.dog", "pk": 7, "fields": {"name": "Humphrey", "breed": 2, "age": 7, "resided_since": "2018-11-11", "gender": "Male", "image": "dogs/humphrey.jpeg", "story": "Humphrey came to The Buddy Clubhouse after three attempts at rehoming him by his owners failed. The family had downsized to a small apartment but Humphrey was too used to having so much space to roam that boredom drove him to some destructive behavior. \r\nHe is fond of playing catch with a ball but because of his age we have stopped that completely. He was a former walking companion for the senior citizens at the Batista nursing home.\r\nThese days, Humphrey is enjoying his retirement just lazing in the shade.", "job": [5]}}, {"model": "dogs.dog", "pk": 8, "fields": {"name": "Lola", "breed": 7, "age": 3, "resided_since": "2021-06-11", "gender": "Female", "image": "dogs/lola.jpeg", "story": "Lola is a rambunctious one! She had moved to four different homes prior to arriving at The Buddy Clubhouse. We knew immediately that we needed to keep her busy so she started basic training the next day. Lola is a fantastic swimmer, we believe that she is half seal!\r\nShe excels in water sport, retrieving being her specialty, and she is undergoing training for water rescue.", "job": [7]}}, {"model": "dogs.dog", "pk": 9, "fields": {"name": "Mala", "breed": 10, "age": 8, "resided_since": "2013-03-03", "gender": "Female", "image": "dogs/mala.jpeg", "story": "We brought Mala in as a puppy who was prone to epileptic seizures. A combination therapy of modern and homeopathic medication has, thankfully, kept these seizures at bay.\r\nWith her troubles under control, Mala is living life to the fullest!\r\nShe trains regularly with a skijoring team and enjoys competing in agility courses. She is also a comfort dog to young children at the long term patient pediatric ward in the local hospital.", "job": [2, 3, 4]}}, {"model": "dogs.dog", "pk": 10, "fields": {"name": "Nomad", "breed": 10, "age": 11, "resided_since": "2014-02-02", "gender": "Male", "image": "dogs/nomad.png", "story": "Our resident troublemaker! Nomad is more puppy than the senior he is. He is always up to mischief and had to be rescued from some really unimaginable situations.\r\nHe is an affectionate fella and often brings home bounty(dead mice and fish) to feed the family. During his hay-days, Nomad was a brute of a musher. Now he's just digging holes and pretending to be a rabbit.", "job": [5]}}, {"model": "dogs.dog", "pk": 11, "fields": {"name": "Ollie", "breed": 11, "age": 8, "resided_since": "2015-12-12", "gender": "Female", "image": "dogs/ollie.jpeg", "story": "Ollie was a farm dog, so it was near impossible to get her into any training programs. We had to start from zero with basic commandos and went from there. \r\nTwo years after she arrived at The Buddy Clubhouse, she (surprisingly) competed in her first agility competition and did really well.\r\nShe is now retired and just enjoys life herding her friends around the compound.", "job": [5]}}, {"model": "dogs.dog", "pk": 12, "fields": {"name": "Reggie", "breed": 6, "age": 7, "resided_since": "2016-11-25", "gender": "Male", "image": "dogs/reggie.jpeg", "story": "Reggie loves to walk! So it's no surprise that he's a regular hiking companion to the senior citizens at the local senior hikers club.\r\nHe was brought to the sanctuary by a friend whose living situation changed and had to be forced to give up his giant field.\r\nReggie still sees his owner from time to time as his owner volunteers alot of his free time to helping out at the sanctuary.", "job": [1]}}, {"model": "dogs.dog", "pk": 13, "fields": {"name": "Ruth", "breed": 5, "age": 4, "resided_since": "2020-01-01", "gender": "Female", "image": "dogs/ruth.jpeg", "story": "Ruth was found living in a forest by hikers. Her fur was completely matted and she was suffering from malnutrition and mange. \r\nShe required a period of intensive rehabilitation as she had started to become a little feral. She was prone to defensive aggression so needed to be regularly evaluated and after we managed to put some bulk on her, she started behavioral correction training.\r\nRuth is a fierce competitor in agilty games for large/giant breed class. Ruth doesn't like water so you'll never find her near the pond here.", "job": [2]}}, {"model": "dogs.dog", "pk": 14, "fields": {"name": "Soren", "breed": 4, "age": 4, "resided_since": "2020-05-30", "gender": "Male", "image": "dogs/soren.jpeg", "story": "Soren is a little smaller than your average Leonberger, he is a jovial fella and a food thief. \r\nHe's a walking companion in a walking program for people with special needs. Soren is very patient with people, especially with the little ones and is training to be certified as a comfort dog.", "job": [1, 7]}}, {"model": "dogs.dog", "pk": 15, "fields": {"name": "Toga", "breed": 9, "age": 12, "resided_since": "2010-12-27", "gender": "Female", "image": "dogs/toga.jpeg", "story": "Toga was, together with her two siblings, rescued from a puppy mill. Her siblings have since passed on. \r\nFor a dog of her size and breed to live this long is a truly respectable feat. \r\nShe was a hiker up until 2019 when arthritis in her joints forced her to stop. Age and the physical limitations on her has made her rather grumpy and less patient with the other buddies. \r\nRuth considers herself a laptop and would try to climb onto any available lap she sees.", "job": [5]}}, {"model": "dogs.breed", "pk": 1, "fields": {"breed_name": "Anatolian Shepherd"}}, {"model": "dogs.breed", "pk": 2, "fields": {"breed_name": "Great Dane"}}, {"model": "dogs.breed", "pk": 3, "fields": {"breed_name": "Tibetan Mastiff"}}, {"model": "dogs.breed", "pk": 4, "fields": {"breed_name": "Leonberger"}}, {"model": "dogs.breed", "pk": 5, "fields": {"breed_name": "Great Pyrenees"}}, {"model": "dogs.breed", "pk": 6, "fields": {"breed_name": "Giant Schnauzer"}}, {"model": "dogs.breed", "pk": 7, "fields": {"breed_name": "Newfoundland"}}, {"model": "dogs.breed", "pk": 8, "fields": {"breed_name": "St Bernard"}}, {"model": "dogs.breed", "pk": 9, "fields": {"breed_name": "Kuvasz"}}, {"model": "dogs.breed", "pk": 10, "fields": {"breed_name": "Alaskan Malamute"}}, {"model": "dogs.breed", "pk": 11, "fields": {"breed_name": "Ovcharka"}}, {"model": "dogs.breed", "pk": 12, "fields": {"breed_name": "Neapolitan Mastiff"}}, {"model": "dogs.job", "pk": 1, "fields": {"title": "Hiker"}}, {"model": "dogs.job", "pk": 2, "fields": {"title": "Agility Athlete"}}, {"model": "dogs.job", "pk": 3, "fields": {"title": "Comfort"}}, {"model": "dogs.job", "pk": 4, "fields": {"title": "Musher"}}, {"model": "dogs.job", "pk": 5, "fields": {"title": "Retired"}}, {"model": "dogs.job", "pk": 6, "fields": {"title": "Water Rescue"}}, {"model": "dogs.job", "pk": 7, "fields": {"title": "Water Athlete"}}, {"model": "blogboard.blog", "pk": 13, "fields": {"title": "Something else", "username": 1, "buddy_name": 2, "date_of_entry": "2021-11-30T09:32:42.599Z", "featured_image": "blogs/67B89CF4-1D90-4159-9527-ABC5FE1C467B.jpeg", "blog_entry": "This blog is being tested!"}}, {"model": "blogboard.blog", "pk": 14, "fields": {"title": "Hello", "username": 1, "buddy_name": 1, "date_of_entry": "2021-11-30T10:06:07.690Z", "featured_image": "", "blog_entry": "fewiaofjeaiod;sjfdklsajfsa;jfierafiorejgfaio;rejgi;eo"}}, {"model": "contribution.donation", "pk": 1, "fields": {"name": "Alpha", "description": "Contribute just because you care and want to make a difference in the lives of these wonderful creatures who can bring so much joy to many", "short_info": "General Donation", "price": "65.00"}}, {"model": "contribution.donation", "pk": 2, "fields": {"name": "Epsilon", "description": "Contribute towards some creature comforts for the buddies - e.g. new cushion or leash when the current one wears out or breaks", "short_info": "Comfort Donation", "price": "25.00"}}, {"model": "contribution.donation", "pk": 3, "fields": {"name": "Gamma", "description": "Contribute towards some yummies for the buddies - this goes towards reward snacks after a training day", "short_info": "Snack Donation", "price": "35.00"}}, {"model": "contribution.donation", "pk": 4, "fields": {"name": "Kappa", "description": "Contribute to send the buddies on sporting events like agility, mushing/skijoring and water-sport competitions that require an enrollment fee", "short_info": "Sports Donation", "price": "45.00"}}, {"model": "contribution.donation", "pk": 5, "fields": {"name": "Omega", "description": "Contribute towards medical expenses for the senior buddies who need extra attention, aid and medication to sustain a good quality life", "short_info": "Senior Donation", "price": "75.00"}}, {"model": "contribution.donation", "pk": 6, "fields": {"name": "Sigma", "description": "Contribute towards sending the buddies on training e.g. comfort dog and commando training, water-rescue and retrieving training, mushing/skijoring training, agility and fitness training", "short_info": "Training Donation", "price": "55.00"}}, {"model": "checkout.order", "pk": 22, "fields": {"order_number": "28D058C183764CBBB93C026782C7FFD1", "username": null, "first_name": "Mouse", "last_name": "Mouse", "email": "mouse@gmail.com", "address_line_1": "Mouse Street 42", "address_line_2": null, "postal_code": "424242 MICE", "date": "2021-12-04T06:58:34.916Z", "order_total": "0.00", "grand_total": "0.00", "original_cart": "", "stripe_pid": "pi_3K2sCJDpw9O0h2IS0bU6E1LU"}}, {"model": "checkout.order", "pk": 23, "fields": {"order_number": "60CA96A08C1845FB8A0C0CADCC8BC2DF", "username": null, "first_name": "Mouse", "last_name": "Mouse", "email": "mouse@gmail.com", "address_line_1": "Mouse Street 42", "address_line_2": null, "postal_code": "424242 MICE", "date": "2021-12-04T06:59:56.384Z", "order_total": "145.00", "grand_total": "145.00", "original_cart": "", "stripe_pid": "pi_3K2sCJDpw9O0h2IS0bU6E1LU"}}, {"model": "checkout.order", "pk": 24, "fields": {"order_number": "35C73EE997074780988CEC456E0BDEA3", "username": null, "first_name": "Mouse", "last_name": "Mouse", "email": "mouse@gmail.com", "address_line_1": "Mouse Street 42", "address_line_2": null, "postal_code": "424242 MICE", "date": "2021-12-04T07:01:38.236Z", "order_total": "145.00", "grand_total": "145.00", "original_cart": "", "stripe_pid": "pi_3K2sCJDpw9O0h2IS0bU6E1LU"}}, {"model": "checkout.order", "pk": 25, "fields": {"order_number": "9CFDA9D6B7A04F12AEC71F15DE47997D", "username": null, "first_name": "Mouse", "last_name": "Mouse", "email": "mouse@gmail.com", "address_line_1": "Mouse Street 42", "address_line_2": null, "postal_code": "424242 MICE", "date": "2021-12-04T07:03:02.958Z", "order_total": "145.00", "grand_total": "145.00", "original_cart": "", "stripe_pid": "pi_3K2sCJDpw9O0h2IS0bU6E1LU"}}, {"model": "checkout.order", "pk": 26, "fields": {"order_number": "C0E2864595B04DE7B57C5DA80560985C", "username": null, "first_name": "Mouse", "last_name": "Mouse", "email": "mouse@gmail.com", "address_line_1": "Mouse Street 42", "address_line_2": null, "postal_code": "424242 MICE", "date": "2021-12-04T07:18:22.332Z", "order_total": "145.00", "grand_total": "145.00", "original_cart": "{\"2\": 3, \"3\": 2}", "stripe_pid": "pi_00000000000000"}}, {"model": "checkout.order", "pk": 27, "fields": {"order_number": "C10061940CAD45E9A4205D36C32918FD", "username": null, "first_name": "Tiger", "last_name": "Tiger", "email": "tigertiger@email.com", "address_line_1": "Tiger Street 42", "address_line_2": "No Biting Condo", "postal_code": "1234456TT", "date": "2021-12-04T07:27:42.485Z", "order_total": "50.00", "grand_total": "50.00", "original_cart": "{\"2\": 2}", "stripe_pid": "pi_3K2seCDpw9O0h2IS14fj1RTw"}}, {"model": "checkout.order", "pk": 28, "fields": {"order_number": "200ECBE6C6C647E797F7AE8DB7CDE979", "username": 1, "first_name": "Mouse", "last_name": "Mouse", "email": "mouse@gmail.com", "address_line_1": "Mouse Street 42", "address_line_2": null, "postal_code": "424242 MICE", "date": "2021-12-04T07:58:57.367Z", "order_total": "145.00", "grand_total": "145.00", "original_cart": "{\"2\": 3, \"3\": 2}", "stripe_pid": "pi_3K2sCJDpw9O0h2IS0bU6E1LU"}}, {"model": "checkout.order", "pk": 29, "fields": {"order_number": "F65D4CF8C42240B995BB29FE0AB0B820", "username": 6, "first_name": "Peter", "last_name": "Lomax", "email": "p.lomax@email.com", "address_line_1": "Pastel Forest Street 11", "address_line_2": "Jumping Jack West Condo", "postal_code": "123456PP", "date": "2021-12-05T07:35:35.723Z", "order_total": "60.00", "grand_total": "60.00", "original_cart": "{\"2\": 1, \"3\": 1}", "stripe_pid": "pi_3K3FFlDpw9O0h2IS2PdKWK17"}}, {"model": "checkout.order", "pk": 30, "fields": {"order_number": "FDC643D3964A414EA12F49CB04B7A911", "username": null, "first_name": "Michael", "last_name": "Manno", "email": "mm@email.com", "address_line_1": "Lesley Street 99", "address_line_2": "Circle Downtown Valley", "postal_code": "67879876PP", "date": "2021-12-05T07:39:27.539Z", "order_total": "130.00", "grand_total": "130.00", "original_cart": "{\"6\": 1, \"5\": 1}", "stripe_pid": "pi_3K3FIlDpw9O0h2IS1D08eOsH"}}, {"model": "checkout.order", "pk": 31, "fields": {"order_number": "64C3B63547C24514BFF9D4031EB72A80", "username": null, "first_name": "Michael", "last_name": "Manno", "email": "mm@email.com", "address_line_1": "Lesley Street 99", "address_line_2": "Circle Downtown Valley", "postal_code": "67879876PP", "date": "2021-12-05T07:53:36.255Z", "order_total": "130.00", "grand_total": "130.00", "original_cart": "{\"6\": 1, \"5\": 1}", "stripe_pid": "pi_3K3FXDDpw9O0h2IS01RKgwR7"}}, {"model": "checkout.order", "pk": 32, "fields": {"order_number": "7B64AE59B4BF4CA7912091CC4367E9C6", "username": null, "first_name": "Michael", "last_name": "Manna", "email": "mmanna@email.com", "address_line_1": "Lonely Street 80J", "address_line_2": "Pine Circle Valley", "postal_code": "455677RR", "date": "2021-12-05T07:57:11.041Z", "order_total": "130.00", "grand_total": "130.00", "original_cart": "{\"6\": 1, \"5\": 1}", "stripe_pid": "pi_3K3FZvDpw9O0h2IS4TFwHtvD"}}, {"model": "checkout.order", "pk": 33, "fields": {"order_number": "47B12D53ACD545CA938EE08B3A725AA9", "username": null, "first_name": "Wesley", "last_name": "Snipes", "email": "w.snipes@email.com", "address_line_1": "Blade Lane 33", "address_line_2": null, "postal_code": "234556TT", "date": "2021-12-05T09:03:19.692Z", "order_total": "145.00", "grand_total": "145.00", "original_cart": "{\"3\": 2, \"5\": 1}", "stripe_pid": "pi_3K3GcDDpw9O0h2IS0ypfKe25"}}, {"model": "checkout.order", "pk": 34, "fields": {"order_number": "4874DF3C57E24FDB938DDC30CA2E1EAC", "username": null, "first_name": "TEST email confirmation", "last_name": "something", "email": "somethin@email.com", "address_line_1": "you you 45", "address_line_2": null, "postal_code": "233243RR", "date": "2021-12-05T09:05:50.267Z", "order_total": "50.00", "grand_total": "50.00", "original_cart": "{\"2\": 2}", "stripe_pid": "pi_3K3GekDpw9O0h2IS2L4JvpfS"}}, {"model": "checkout.order", "pk": 35, "fields": {"order_number": "C128D5053B1445EE9B29E607FC111BC6", "username": null, "first_name": "DishSoap", "last_name": "Lavender", "email": "dishsoap@email.com", "address_line_1": "bubbles 42", "address_line_2": null, "postal_code": "23455RR", "date": "2021-12-05T09:15:58.450Z", "order_total": "75.00", "grand_total": "75.00", "original_cart": "{\"5\": 1}", "stripe_pid": "pi_3K3GoVDpw9O0h2IS3YnUEMfD"}}, {"model": "checkout.order", "pk": 36, "fields": {"order_number": "61F6E0BBF15746C9A5931BDFE116E283", "username": null, "first_name": "TEST", "last_name": "email", "email": "somethin@email.com", "address_line_1": "you you 45", "address_line_2": null, "postal_code": "233243RR", "date": "2021-12-05T12:06:43.862Z", "order_total": "50.00", "grand_total": "50.00", "original_cart": "{\"2\": 2}", "stripe_pid": "pi_3K3GekDpw9O0h2IS2L4JvpfS"}}, {"model": "checkout.order", "pk": 37, "fields": {"order_number": "E25DE70D362D40DAB78ACC4C4AFC5392", "username": 1, "first_name": "Mouse", "last_name": "Mouse", "email": "mouse@gmail.com", "address_line_1": "Mouse Street 42", "address_line_2": null, "postal_code": "424242 MICE", "date": "2021-12-06T07:34:34.824Z", "order_total": "305.00", "grand_total": "305.00", "original_cart": "{\"1\": 4, \"4\": 1}", "stripe_pid": "pi_3K3biLDpw9O0h2IS2Z7aBqE9"}}, {"model": "checkout.orderlineitem", "pk": 15, "fields": {"order": 23, "product": 2, "quantity": 3, "lineitem_total": "75.00"}}, {"model": "checkout.orderlineitem", "pk": 16, "fields": {"order": 23, "product": 3, "quantity": 2, "lineitem_total": "70.00"}}, {"model": "checkout.orderlineitem", "pk": 17, "fields": {"order": 24, "product": 2, "quantity": 3, "lineitem_total": "75.00"}}, {"model": "checkout.orderlineitem", "pk": 18, "fields": {"order": 24, "product": 3, "quantity": 2, "lineitem_total": "70.00"}}, {"model": "checkout.orderlineitem", "pk": 19, "fields": {"order": 25, "product": 2, "quantity": 3, "lineitem_total": "75.00"}}, {"model": "checkout.orderlineitem", "pk": 20, "fields": {"order": 25, "product": 3, "quantity": 2, "lineitem_total": "70.00"}}, {"model": "checkout.orderlineitem", "pk": 21, "fields": {"order": 26, "product": 2, "quantity": 3, "lineitem_total": "75.00"}}, {"model": "checkout.orderlineitem", "pk": 22, "fields": {"order": 26, "product": 3, "quantity": 2, "lineitem_total": "70.00"}}, {"model": "checkout.orderlineitem", "pk": 23, "fields": {"order": 27, "product": 2, "quantity": 2, "lineitem_total": "50.00"}}, {"model": "checkout.orderlineitem", "pk": 24, "fields": {"order": 28, "product": 2, "quantity": 3, "lineitem_total": "75.00"}}, {"model": "checkout.orderlineitem", "pk": 25, "fields": {"order": 28, "product": 3, "quantity": 2, "lineitem_total": "70.00"}}, {"model": "checkout.orderlineitem", "pk": 26, "fields": {"order": 29, "product": 2, "quantity": 1, "lineitem_total": "25.00"}}, {"model": "checkout.orderlineitem", "pk": 27, "fields": {"order": 29, "product": 3, "quantity": 1, "lineitem_total": "35.00"}}, {"model": "checkout.orderlineitem", "pk": 28, "fields": {"order": 30, "product": 6, "quantity": 1, "lineitem_total": "55.00"}}, {"model": "checkout.orderlineitem", "pk": 29, "fields": {"order": 30, "product": 5, "quantity": 1, "lineitem_total": "75.00"}}, {"model": "checkout.orderlineitem", "pk": 30, "fields": {"order": 31, "product": 6, "quantity": 1, "lineitem_total": "55.00"}}, {"model": "checkout.orderlineitem", "pk": 31, "fields": {"order": 31, "product": 5, "quantity": 1, "lineitem_total": "75.00"}}, {"model": "checkout.orderlineitem", "pk": 32, "fields": {"order": 32, "product": 6, "quantity": 1, "lineitem_total": "55.00"}}, {"model": "checkout.orderlineitem", "pk": 33, "fields": {"order": 32, "product": 5, "quantity": 1, "lineitem_total": "75.00"}}, {"model": "checkout.orderlineitem", "pk": 34, "fields": {"order": 33, "product": 3, "quantity": 2, "lineitem_total": "70.00"}}, {"model": "checkout.orderlineitem", "pk": 35, "fields": {"order": 33, "product": 5, "quantity": 1, "lineitem_total": "75.00"}}, {"model": "checkout.orderlineitem", "pk": 36, "fields": {"order": 34, "product": 2, "quantity": 2, "lineitem_total": "50.00"}}, {"model": "checkout.orderlineitem", "pk": 37, "fields": {"order": 35, "product": 5, "quantity": 1, "lineitem_total": "75.00"}}, {"model": "checkout.orderlineitem", "pk": 38, "fields": {"order": 36, "product": 2, "quantity": 2, "lineitem_total": "50.00"}}, {"model": "checkout.orderlineitem", "pk": 39, "fields": {"order": 37, "product": 1, "quantity": 4, "lineitem_total": "260.00"}}, {"model": "checkout.orderlineitem", "pk": 40, "fields": {"order": 37, "product": 4, "quantity": 1, "lineitem_total": "45.00"}}]